MPN;SPN;Quantity;SMD/THT;Category;Subcategory;Datasheet URL
5988G10313F;3584522;60;SMD;Optoelectronic;LED;https://www.mouser.fr/datasheet/2/109/C18481B-2944388.pdf
TSOP75338TT;1779691;50;SMD;Optoelectronic;IR;https://www.vishay.com/docs/82495/tsop753.pdf
150060GS55040;—;100;SMD;Optoelectronic;LED;https://www.we-online.com/components/products/datasheet/150060GS55040.pdf
150060YS55040;—;100;SMD;Optoelectronic;LED;https://www.we-online.com/components/products/datasheet/150060YS55040.pdf
150060BS55040;—;100;SMD;Optoelectronic;LED;https://www.we-online.com/components/products/datasheet/150060BS55040.pdf
150060RS55040;—;100;SMD;Optoelectronic;LED;https://www.we-online.com/components/products/datasheet/150060RS55040.pdf
150060AS55040;—;300;SMD;Optoelectronic;LED;https://www.we-online.com/components/products/datasheet/150060AS55040.pdf
RLP73K3AR11FTDF;2805295;30;SMD;PassiveComponents;resistors;https://www.te.com/commerce/DocumentDelivery/DDEController?Action=srchrtrv&DocNm=1773269&DocType=Data%20Sheet&DocLang=English&DocFormat=pdf&PartCntxt=2-2176057-6
RLP73K3AR16JTE;2805301;30;SMD;PassiveComponents;resistors;—
RLP73N3AR075JTE;2991966;30;SMD;PassiveComponents;resistors;https://www.te.com/commerce/DocumentDelivery/DDEController?Action=srchrtrv&DocNm=1773269&DocType=Data%20Sheet&DocLang=English&DocFormat=pdf&PartCntxt=2-2176057-6
HSC1004R7J;161-6160;5;-;PassiveComponents;resistors;https://www.te.com/commerce/DocumentDelivery/DDEController?Action=srchrtrv&DocNm=1773035&DocType=Data%20Sheet&DocLang=English&DocFormat=pdf&PartCntxt=4-1625999-0
RCWE1210R300FKEA;1838677;10;SMD;PassiveComponents;resistors;https://www.vishay.com/docs/20019/rcwe.pdf
744766001;—;8;SMT;PassiveComponents;inductors;https://www.we-online.com/components/products/datasheet/744766001.pdf
560050350011;—;50;SMD;PassiveComponents;resistors;https://www.we-online.com/components/products/datasheet/560050350011.pdf
74438356220;—;3;SMT;PassiveComponents;inductors;https://www.we-online.com/components/products/datasheet/74438356220.pdf
74404084220;—;40;SMT;PassiveComponents;inductors;https://www.we-online.com/components/products/datasheet/74404084220.pdf
74404086221;—;15;SMT;PassiveComponents;inductors;https://www.we-online.com/components/products/datasheet/74404086221.pdf
744066005;—;3;SMT;PassiveComponents;inductors;https://www.we-online.com/components/products/datasheet/744066005.pdf
7447709220;—;37;SMT;PassiveComponents;inductors;https://www.we-online.com/components/products/datasheet/7447709220.pdf
784771220;—;6;SMT;PassiveComponents;inductors;https://www.we-online.com/components/products/datasheet/744771122.pdf
865060462010;—;48;SMD;PassiveComponents;capacitors;https://www.we-online.com/components/products/datasheet/865060462010.pdf
865060445005;—;50;SMD;PassiveComponents;capacitors;https://www.we-online.com/components/products/datasheet/865060445005.pdf
865060440001;—;80;SMD;PassiveComponents;capacitors;https://www.we-online.com/components/products/datasheet/865060440001.pdf
865060640001;—;100;SMD;PassiveComponents;capacitors;https://www.we-online.com/components/products/datasheet/865060640001.pdf
865060463011;—;48;SMD;PassiveComponents;capacitors;https://www.we-online.com/components/products/datasheet/865060463011.pdf
865080463017;—;10;SMD;PassiveComponents;capacitors;https://www.we-online.com/components/products/datasheet/865080463017.pdf
865060453007;—;48;SMD;PassiveComponents;capacitors;https://www.we-online.com/components/products/datasheet/865060453007.pdf
865060657012;—;16;SMD;PassiveComponents;capacitors;https://www.we-online.com/components/products/datasheet/865060657012.pdf
7447709680;—;9;SMT;PassiveComponents;inductors;https://www.we-online.com/components/products/datasheet/7447709680.pdf
744821120;—;4;THT;PassiveComponents;inductors;https://www.we-online.com/components/products/datasheet/744821120.pdf
865060240001;—;8;SMD;PassiveComponents;capacitors;https://www.we-online.com/components/products/datasheet/865060240001.pdf
865060442002;—;30;SMD;PassiveComponents;capacitors;https://www.we-online.com/components/products/datasheet/865060442002.pdf
865060457009;—;38;SMD;PassiveComponents;capacitors;https://www.we-online.com/components/products/datasheet/865060457009.pdf
865060443004;—;30;SMD;PassiveComponents;capacitors;https://www.we-online.com/components/products/datasheet/865060443004.pdf
865060642004;—;40;SMD;PassiveComponents;capacitors;https://www.we-online.com/components/products/datasheet/865060642004.pdf
860010;—;1;THT;PassiveComponents;capacitors;https://www.we-online.com/en/components/products/download/inlay/860010
865061;—;1;SMD;PassiveComponents;capacitors;https://www.we-online.com/en/components/products/download/inlay/865061
VJ0603HIFRQ1KITHT;—;1;SMD;PassiveComponents;capacitors;https://www.vishay.com/docs/45259/vjhifreq-designkit.pdf
VJ0603HIFRQ2KITHT;—;1;SMD;PassiveComponents;capacitors;https://www.vishay.com/docs/45259/vjhifreq-designkit.pdf
7447860139;—;100;SMD;PassiveComponents;inductors;https://www.we-online.com/components/products/datasheet/7447860139.pdf
MP-LD30-23B15R2;3780527;4;THT;Power;AC-DC_Converters;https://www.farnell.com/datasheets/3550987.pdf
MP-LDE06-20B05;3556397;4;THT;Power;AC-DC_Converters;https://www.farnell.com/datasheets/3155173.pdf
TMLM 04253;1772165;1;THT;Power;AC-DC_Converters;https://www.tracoPower.com/sites/default/files/products/datasheets/tmlm_datasheet.pdf?t=1730163601
TMP 15148;1672144;1;THT;Power;AC-DC_Converters;https://www.tracoPower.com/sites/default/files/products/datasheets/tmp_tmpm_datasheet.pdf?t=1730163601
HCPL-7800A-500E;174-4179;16;SMD;Semiconductors;amplifier;—
NCS199A3RSQT2G;2981170;53;SMD;Semiconductors;amplifier;—
74LVC2G241DCTRG4;595-74LVC2G241DCTRG4;7;SMD;Semiconductors;buffer;—
TXRX433;38176;8;THT;EmbeddedSolutions;communicationRF;—
PQQ6W-Q24-S15-S;490-PQQ6W-Q24-S15-S;18;THT;Power;DC-DC_Converters;https://www.mouser.fr/datasheet/2/670/pqq6w_s-2474782.pdf
MPRB2415S-6W;3652723;5;THT;Power;DC-DC_Converters;https://www.farnell.com/datasheets/3195174.pdf
R-78B5.0-2.0;139-2959;0;THT;Power;DC-DC_Converters;https://g.recomcdn.com/media/Datasheet/pdf/.fldP_2rX/.t124a6889b0e40eeb9ac1/Datasheet-285/R-78B-2_0.pdf
171013801;—;10;SMD;Power;DC-DC_Converters;https://www.we-online.com/components/products/datasheet/171013801.pdf
173950378;—;4;THT;Power;DC-DC_Converters;https://www.we-online.com/components/products/datasheet/173950378.pdf
173950536;—;6;THT;Power;DC-DC_Converters;https://www.we-online.com/components/products/datasheet/173950536.pdf
17791063215;—;11;SMD;Power;DC-DC_Converters;https://www.we-online.com/components/products/datasheet/17791063215.pdf
1N4148WS-7-F;1843678;20;SMD;Semiconductors;diodes;https://www.diodes.com/datasheet/download/1N4148WS.pdf
DST10100S;4066566;35;SMD;Semiconductors;diodes;https://www.littelfuse.com/media?resourcetype=datasheets&itemid=912974f6-eef7-4845-b8b6-22945ea4a824&filename=littelfuse-Power-semiconductor-schottky-rectifier-dst10100s-datasheet
FSV340AF;2824885;18;SMD;Semiconductors;diodes;https://www.onsemi.com/pdf/datasheet/fsv340af-d.pdf
STPS0520Z;1467545;3;SMD;Semiconductors;diodes;https://www.st.com/resource/en/datasheet/stps0520z.pdf
USBLC6-2SC6;624-7693;56;SMD;Semiconductors;diodes;https://www.st.com/resource/en/datasheet/usblc6-2.pdf
SS2P5-M3/84A;1812486;18;SMD;Semiconductors;diodes;https://www.vishay.com/docs/88943/ss2p5.pdf
VS-15TQ060S-M3;2909608;35;SMD;Semiconductors;diodes;https://www.vishay.com/docs/94927/vs-15tq060s-m3.pdf
HCPL-315J_500E;174-4163;7;SMD;Semiconductors;gateDriver;—
PCF8574TS/3,118;219-4650;9;SMD;Semiconductors;gpioExpander;—
MCP23017-E/SO;403-816;8;SMD;Semiconductors;gpioExpander;—
MCP2120-I/SL;1084305;2;SMD;Semiconductors;integratedCircuits;https://ww1.microchip.com/downloads/aemDocuments/documents/APID/ProductDocuments/DataSheets/21618b.pdf
LM3404MA/NOPB;926-LM3404MA/NOPB;8;SMD;Semiconductors;integratedCircuits;https://www.ti.com/lit/ds/symlink/lm3404.pdf?ts=1730061548853
CA9685PW,118;1854074;9;SMD;Semiconductors;ledDriver;—
TMC2225-SA-T;3690353;51;SMD;Semiconductors;motorDriver;—
TMC2226-SAT-T;3439216;6;SMD;Semiconductors;motorDriver;—
TMC2590-TA;3237586;17;SMD;Semiconductors;motorDriver;—
LT1076CR#PBF;584-LT1076CR#PBF;7;SMD;Semiconductors;PowerManagementICs;https://www.analog.com/media/en/technical-documentation/data-sheets/1074fds.pdf
MAX5033DUSA+;700-MAX5033DUSA;10;SMD;Semiconductors;PowerManagementICs;https://www.analog.com/media/en/technical-documentation/data-sheets/MAX5033.pdf
AP1509-50SG-13;751-2923;10;SMD;Semiconductors;PowerManagementICs;https://www.diodes.com/datasheet/download/AP1509.pdf
AZ1117CH2-3.3TRG1;3483072;45;SMD;Semiconductors;PowerManagementICs;https://www.diodes.com/datasheet/download/AZ1117C.pdf
AZ1117CH-3.3TRG1;3483073;137;SMD;Semiconductors;PowerManagementICs;https://www.diodes.com/datasheet/download/AZ1117C.pdf
AZ1117H-3.3TRE1;921-0701;45;SMD;Semiconductors;PowerManagementICs;https://www.diodes.com/datasheet/download/AZ1117.pdf
MIC3172YM;2510055;24;SMD;Semiconductors;PowerManagementICs;https://ww1.microchip.com/downloads/aemDocuments/documents/OTH/ProductDocuments/DataSheets/MIC2172-3172-100kHz-1.25A-Switching-Regulators-DS20006208A.pdf
MIC5219-3.3YMM;2510255;17;SMD;Semiconductors;PowerManagementICs;https://ww1.microchip.com/downloads/aemDocuments/documents/OTH/ProductDocuments/DataSheets/MIC5219-500mA-Peak-Output-LDO-Regulator-DS20006021A.pdf
MIC5317-3.3YM5-TR;2920683;8;SMD;Semiconductors;PowerManagementICs;https://ww1.microchip.com/downloads/aemDocuments/documents/OTH/ProductDocuments/DataSheets/MIC5317-High-Performance-Single-150mA-LDO-DS20006195B.pdf
GO 10-SME/SP3;3796461;3;SMD;Sensors;current;—
BU18SD2MG-MTR;2546639;50;SMD;Semiconductors;PowerManagementICs;https://fscdn.rohm.com/en/products/databook/datasheet/ic/Power/linear_regulator/buxxsd2mg-m-e.pdf
BU33SD5WG-TR;3011248;45;SMD;Semiconductors;PowerManagementICs;https://fscdn.rohm.com/en/products/databook/datasheet/ic/Power/linear_regulator/buxxsd5wg-e.pdf
EC2620TS-25.000M TR;3572937;9;SMD;PassiveComponents;quartz;—
XRCGB27M120F3M00R0;81-XRCGB27M120F3M0R0;7;SMD;PassiveComponents;quartz;—
ABLS-16.000MHZ-20-B-3-H-T;3228387;39;SMD;PassiveComponents;quartz;—
ABLS-7.3728MHZ-20-B-3-H-T;3228448;3;SMD;PassiveComponents;quartz;—
L78M05CDT-TR;2382524;10;SMD;Semiconductors;PowerManagementICs;https://www.st.com/resource/en/datasheet/l78m.pdf
INN4073C-H183-TL;228-6331;4;SMD;Semiconductors;PowerManagementICs;—
HCPL-817-300E;1244557;5;SMD;Optoelectronic;phototransistor;—
CPZ1061M;228-6322P;4;SMD;Semiconductors;PowerManagementICs;—
LAN8742A-CZ-TR;2857750;9;SMD;Semiconductors;transceiverEth;—
NRF24L01P-R7;2842317;10;SMD;Semiconductors;transceiverRF;—
LSM6DSMTR;2664522;2;SMD;Sensors;IMU;—
SQJ504EP-T1_GE3;2886991;37;SMD;Semiconductors;transistors;https://www.vishay.com/docs/76029/sqj504ep.pdf
RE1C002UNTCL;2965337;20;SMD;Semiconductors;transistors;https://fscdn.rohm.com/en/products/databook/datasheet/discrete/transistor/mosfet/re1c002untcl-e.pdf
BUK9637-100E,118;2254193;19;SMD;Semiconductors;transistors;https://assets.nexperia.com/documents/data-sheet/BUK9637-100E.pdf
IRF540NPBF;914-8154;50;THT;Semiconductors;transistors;https://www.infineon.com/dgdl/Infineon-IRF540N-DataSheet-v01_01-EN.pdf?fileId=5546d462533600a4015355e39f0d19a1
IRF510SPBF;844-IRF510SPBF;20;SMD;Semiconductors;transistors;—
SQ2310ES-T1_BE3;787-9443;22;SMD;Semiconductors;transistors;https://www.vishay.com/docs/67036/sq2310es.pdf
BMP085;—;1;;—;—;—
IDUINO HC-05;—;3;;—;—;—
NRF24L05;—;6;;—;—;—
module LORA 113060006;—;4;;—;—;—
adafruit QT PY C3;—;1;;—;—;—
IMU 10DOF;—;2;;—;—;—
MAX3097ECSE+;—;5;;—;—;—
CY7C64225-28PVXCT;—;5;;—;—;—
CY7C64225-28PVXC;—;9;;—;—;—
SBC-TTL;—;3;;—;—;—
TCN75AVOA;—;12;;—;—;—
CER-ENG-KIT-30;867-5444;1;SMD;PassiveComponents;capacitors;https://content.kemet.com/datasheets/CER_ENG_KIT_30.pdf
885080;—;1;SMD;PassiveComponents;capacitors;https://www.we-online.com/en/components/products/download/inlay/885080
885060;—;1;SMD;PassiveComponents;capacitors;https://www.we-online.com/en/components/products/download/inlay/885060
VJ0805HIFRQ2KITHT;—;1;SMD;PassiveComponents;capacitors;https://www.vishay.com/docs/45259/vjhifreq-designkit.pdf
885070;—;1;SMD;PassiveComponents;capacitors;https://www.we-online.com/en/components/products/download/inlay/885070
885012005055;—;1000;SMD;PassiveComponents;capacitors;https://www.we-online.com/components/products/datasheet/885012005055.pdf
885012005056;—;100;SMD;PassiveComponents;capacitors;https://www.we-online.com/components/products/datasheet/885012005056.pdf
74404054068;—;100;SMD;PassiveComponents;inductors;https://www.we-online.com/components/products/datasheet/74404054068.pdf
74404052047;—;100;SMD;PassiveComponents;inductors;https://www.we-online.com/components/products/datasheet/74404052047.pdf
MCWR04X1003FTL;2446411;10000;SMD;PassiveComponents;resistors;https://4donline.ihs.com/images/VipMasterIC/IC/SCMP/SCMP-S-A0009547702/SCMP-S-A0009547702-1.pdf?hkey=6D3A4C79FDBF58556ACFDE234799DDF0
MCWR04X10R0FTL;2446415;10000;SMD;PassiveComponents;resistors;https://4donline.ihs.com/images/VipMasterIC/IC/SCMP/SCMP-S-A0009547702/SCMP-S-A0009547702-1.pdf?hkey=6D3A4C79FDBF58556ACFDE234799DDF0
MCWR04X1001FTL;2446437;10000;SMD;PassiveComponents;resistors;https://4donline.ihs.com/images/VipMasterIC/IC/SCMP/SCMP-S-A0009547702/SCMP-S-A0009547702-1.pdf?hkey=6D3A4C79FDBF58556ACFDE234799DDF0
MCWR04X1602FTL;2447114;500;SMD;PassiveComponents;resistors;https://4donline.ihs.com/images/VipMasterIC/IC/SCMP/SCMP-S-A0009547702/SCMP-S-A0009547702-1.pdf?hkey=6D3A4C79FDBF58556ACFDE234799DDF0
MCMR04X4022FTL;2073013;500;SMD;PassiveComponents;resistors;https://www.farnell.com/datasheets/2860635.pdf
MC00625W040217K68;1803125;500;SMD;PassiveComponents;resistors;https://www.farnell.com/datasheets/2861421.pdf
MCMR04X200 JTL;2072748;500;SMD;PassiveComponents;resistors;https://www.farnell.com/datasheets/2860635.pdf
885012106031;—;1000;SMD;PassiveComponents;capacitors;https://www.we-online.com/components/products/datasheet/885012106031.pdf
694001;—;1;SMD;Connector;PowerJacks;https://www.we-online.com/en/components/products/download/inlay/694001
613001;—;1;SMD, THT;Connector;pinHeader_pinSocket;https://www.we-online.com/en/components/products/download/inlay/613001
150151;—;1;SMD, THT;Optoelectronic;LED;https://www.we-online.com/en/components/products/download/inlay/150151
158300;—;1;SMD;Optoelectronic;LED;https://www.we-online.com/en/components/products/download/inlay/158300
AC0805FR-07100KL;197-8152;5000;SMD;PassiveComponents;resistors;https://www.yageo.com/upload/media/product/productsearch/datasheet/rchip/PYu-AC_51_RoHS_L_11.pdf
784770;—;1;SMD;PassiveComponents;inductors;https://www.we-online.com/components/products/datasheet/784770.pdf
830002;—;1;SMD;PassiveComponents;quartz;https://www.we-online.com/en/components/products/download/inlay/830002
560112;—;1;SMD;PassiveComponents;resistors;https://www.we-online.com/en/components/products/download/inlay/560112
830001;—;1;SMD, THT;PassiveComponents;quartz;https://www.we-online.com/en/components/products/download/inlay/830001
560114;—;1;SMD;PassiveComponents;resistors;https://www.we-online.com/en/components/products/download/inlay/560114
744790;—;1;SMD;PassiveComponents;inductors;https://www.we-online.com/en/components/products/download/inlay/744790
885012107019;—;1000;SMD;PassiveComponents;capacitors;https://www.we-online.com/components/products/datasheet/885012107019.pdf
885012106012;—;1000;SMD;PassiveComponents;capacitors;https://www.we-online.com/components/products/datasheet/885012106012.pdf
AC0805FR-0710KL;197-8157;5000;SMD;PassiveComponents;resistors;https://www.yageo.com/upload/media/product/productsearch/datasheet/rchip/PYu-AC_51_RoHS_L_11.pdf
885012205086;—;200;SMD;PassiveComponents;capacitors;https://www.we-online.com/components/products/datasheet/885012205086.pdf
885012214001;—;80;SMD;PassiveComponents;capacitors;https://www.we-online.com/components/products/datasheet/885012214001.pdf
AC0805FR-071KL;197-8172;5000;SMD;PassiveComponents;resistors;https://www.yageo.com/upload/media/product/productsearch/datasheet/rchip/PYu-AC_51_RoHS_L_11.pdf
885012205085;—;1000;SMD;PassiveComponents;capacitors;https://www.we-online.com/components/products/datasheet/885012205085.pdf
MP000459;3213383;1;SMD;PassiveComponents;resistors;https://www.farnell.com/datasheets/2830050.pdf
885012205067;—;1000;SMD;PassiveComponents;capacitors;https://www.we-online.com/components/products/datasheet/885012205067.pdf
MCVVT025M100CA1L;2610879;2000;SMD;PassiveComponents;resistors;https://www.farnell.com/datasheets/3486024.pdf
885012206076;—;1000;SMD;PassiveComponents;capacitors;https://www.we-online.com/components/products/datasheet/885012206076.pdf
804-8760;804-8760;5000;SMD;PassiveComponents;resistors;https://docs.rs-online.com/9f65/0900766b8157cb2c.pdf
804-8845;804-8845;5000;SMD;PassiveComponents;resistors;https://docs.rs-online.com/21eb/0900766b8157cb45.pdf
804-8921;804-8921;5000;SMD;PassiveComponents;resistors;https://docs.rs-online.com/bc5c/0900766b8157cb5c.pdf
CRG0603ZR;134-5428;5000;SMD;PassiveComponents;resistors;https://www.te.com/en/product-1623094-1.datasheet.pdf
CRG0805ZR;134-5456;5000;SMD;PassiveComponents;resistors;https://www.te.com/en/product-1623401-1.datasheet.pdf
CRG1206F10K;134-5524;5000;SMD;PassiveComponents;resistors;https://www.te.com/en/product-1623404-1.datasheet.pdf
CL10B103KB8NNNC;766-5373;4000;SMD;PassiveComponents;capacitors;https://weblib.samsungsem.com/mlcc/mlcc-ec-data-sheet.do?partNumber=CL10B103KB8NNN
ERJ8GEY0R00V;176-3599;1000;SMD;PassiveComponents;resistors;https://industrial.panasonic.com/cdbs/www-data/pdf/RDA0000/AOA0000C301.pdf
CL10B104KB8NNNC;766-5443;4000;SMD;PassiveComponents;capacitors;https://weblib.samsungsem.com/mlcc/mlcc-ec-data-sheet.do?partNumber=CL10B104KB8NNN
ECJ-2VB1E104K;PCC1828TR-ND;4000;SMD;PassiveComponents;capacitors;https://mm.digikey.com/Volume0/opasdata/d220001/medias/docus/1097/ECJ_%28General%29.pdf
RM10JTN103;—;5000;SMD;PassiveComponents;resistors;—
MCR10 EZH JW111E;—;5000;SMD;PassiveComponents;resistors;—
RC0805FR-07100KL;199-5648;5000;SMD;PassiveComponents;resistors;https://www.yageo.com/upload/media/product/productsearch/datasheet/rchip/PYu-RC_Group_51_RoHS_L_12.pdf
RC0805FR-07100R;618-5135;5000;SMD;PassiveComponents;resistors;https://www.yageo.com/upload/media/product/productsearch/datasheet/rchip/PYu-RC_Group_51_RoHS_L_12.pdf
RC0805FR-0710KL;618-5163;10000;SMD;PassiveComponents;resistors;https://www.yageo.com/upload/media/product/productsearch/datasheet/rchip/PYu-RC_Group_51_RoHS_L_12.pdf
RC0805FR-07150RL;242-6901;5000;SMD;PassiveComponents;resistors;https://www.yageo.com/upload/media/product/productsearch/datasheet/rchip/PYu-RC_Group_51_RoHS_L_12.pdf
RC0805FR-071K5L;199-5668;5000;SMD;PassiveComponents;resistors;https://www.yageo.com/upload/media/product/productsearch/datasheet/rchip/PYu-RC_Group_51_RoHS_L_12.pdf
RC0805FR-07200RL;242-6929;5000;SMD;PassiveComponents;resistors;https://www.yageo.com/upload/media/product/productsearch/datasheet/rchip/PYu-RC_Group_51_RoHS_L_12.pdf
RC0805FR-0720KL;199-5679;5000;SMD;PassiveComponents;resistors;https://www.yageo.com/upload/media/product/productsearch/datasheet/rchip/PYu-RC_Group_51_RoHS_L_12.pdf
GRM033R71H102KA12D;185-2113;2500;SMD;PassiveComponents;capacitors;https://search.murata.co.jp/Ceramy/image/img/A01X/G101/ENG/GRM033R71H102KA12-01A.pdf
RC0805FR-0722KL;199-5686;5000;SMD;PassiveComponents;resistors;https://www.yageo.com/upload/media/product/productsearch/datasheet/rchip/PYu-RC_Group_51_RoHS_L_12.pdf
RC0805FR-07240RL;618-5163;5000;SMD;PassiveComponents;resistors;https://www.yageo.com/upload/media/product/productsearch/datasheet/rchip/PYu-RC_Group_51_RoHS_L_12.pdf
RC0805FR-072KL;199-5695;5000;SMD;PassiveComponents;resistors;https://www.yageo.com/upload/media/product/productsearch/datasheet/rchip/PYu-RC_Group_51_RoHS_L_12.pdf
RC0805FR-07330RL;242-6989;5000;SMD;PassiveComponents;resistors;https://www.yageo.com/upload/media/product/productsearch/datasheet/rchip/PYu-RC_Group_51_RoHS_L_12.pdf
RC0805FR-0733KL;618-5163;5000;SMD;PassiveComponents;resistors;https://www.yageo.com/upload/media/product/productsearch/datasheet/rchip/PYu-RC_Group_51_RoHS_L_12.pdf
RC0805FR-0733RL;618-5163;5000;SMD;PassiveComponents;resistors;https://www.yageo.com/upload/media/product/productsearch/datasheet/rchip/PYu-RC_Group_51_RoHS_L_12.pdf
RC0805FR-07390KL;242-6995;5000;SMD;PassiveComponents;resistors;https://www.yageo.com/upload/media/product/productsearch/datasheet/rchip/PYu-RC_Group_51_RoHS_L_12.pdf
RC0805FR-07390RL;199-5710;5000;SMD;PassiveComponents;resistors;https://www.yageo.com/upload/media/product/productsearch/datasheet/rchip/PYu-RC_Group_51_RoHS_L_12.pdf
RC0805FR-07470RL;242-7007;5000;SMD;PassiveComponents;resistors;—
RC0805FR-074K7L;242-7021;5000;SMD;PassiveComponents;resistors;https://www.yageo.com/upload/media/product/productsearch/datasheet/rchip/PYu-RC_Group_51_RoHS_L_12.pdf
RC0805FR-075K1L;199-5732;5000;SMD;PassiveComponents;resistors;https://www.yageo.com/upload/media/product/productsearch/datasheet/rchip/PYu-RC_Group_51_RoHS_L_12.pdf
GRM21BR71C105KA01L;490-1691-2-ND;3000;SMD;PassiveComponents;capacitors;https://search.murata.co.jp/Ceramy/image/img/A01X/G101/ENG/GRM21BR71C105KA01-01A.pdf
RC0805FR-075K6L;199-5734;5000;SMD;PassiveComponents;resistors;https://www.yageo.com/upload/media/product/productsearch/datasheet/rchip/PYu-RC_Group_51_RoHS_L_12.pdf
RC0805FR-07715RL;3952049;5000;SMD;PassiveComponents;resistors;https://www.yageo.com/upload/media/product/productsearch/datasheet/rchip/PYu-RC_Group_51_RoHS_L_12.pdf
RC0805JR-070RL;199-5752;5000;SMD;PassiveComponents;resistors;https://www.yageo.com/upload/media/product/productsearch/datasheet/rchip/PYu-RC_Group_51_RoHS_L_12.pdf
802-9618;802-9618;5000;SMD;PassiveComponents;resistors;https://docs.rs-online.com/28d2/0900766b8157c903.pdf
MCR18 EZH JW202E;—;5000;SMD;PassiveComponents;resistors;—
802-9784;802-9784;5000;SMD;PassiveComponents;resistors;https://docs.rs-online.com/350b/0900766b8157c940.pdf
RMCF0805FT909K;RMCF0805FT909KTR-ND;5000;SMD;PassiveComponents;resistors;https://www.seielect.com/catalog/sei-rmcf_rmcp.pdf
;1182;7;;—;—;—
CC0805KRX7R9BB681;3019860;4000;SMD;PassiveComponents;capacitors;https://www.yageo.com/en/Chart/Download/pdf/CC0805KRX7R9BB681
TAJV226K050RNJ;1355458;100;SMD;PassiveComponents;capacitors;https://docs.rs-online.com/1e78/0900766b815b838f.pdf
MP000460;3213384;1;SMD;PassiveComponents;resistors;—
293D104X9050A2TE3;9302727;100;SMD;PassiveComponents;capacitors;https://www.farnell.com/datasheets/2899258.pdf
824599;—;2;SMD;Semiconductors;diodes;https://www.we-online.com/en/components/products/download/inlay/824599
STM32F446ZCT6;—;10;;—;—;—
STM32G431CBU6;—;50;;—;—;—
STM32U535RET6Q;—;7;;—;—;—
STM32F0360K6T6;—;30;;—;—;—
STM32G474RET6;—;14;;—;—;—
STM32G4A1REI6;—;9;;—;—;—
STM32F201K6T6;—;14;;—;—;—
STM32L412KBT6;511-STM32L412KBT6;50;SMD;—;—;—
STM32H573RIT6;—;7;;—;—;—
STM32U535RET6;—;2;;—;—;—
STM32G431KBT6;511-STM32G431KBT6;12;SMD;—;—;—
STM32G491CET6;511-STM32G491CET6;25;SMD;—;—;—
